GeneName	CHR	POS	REF	ALT	EnsemblID	rsID_ExAC	rsID_GnomAD	Consequence_type	Consequence_subtype	Consequence_severity	Manual.annotation	Filtering_decision	Number_pubmed_articles	PMIDs	Experimentally_validated	Goblal_Allele_Frequency_ExAC	Goblal_Allele_Frequency_GnomAD	Frequency_Homozygous_Individiuals_GnomAD_Global	Frequency_Homozygous_Individiuals_GnomAD_AFR	Frequency_Homozygous_Individiuals_GnomAD_AMR	Frequency_Homozygous_Individiuals_GnomAD_EAS	Frequency_Homozygous_Individiuals_GnomAD_EUR	Frequency_Homozygous_Individiuals_GnomAD_SAS	from_exac_rsid	from_gnomad_rsid	from_coord	disease_name
IFNA10	9	21207037	A	T	ENSG00000186803	rs10119910	rs10119910	stop-gain	Within first 100 nucleotides	Low probability LoF	LoF	keep	3	26694082, 23209811, 22162829	0	0.224	0.214452	0.0672574944834	0.139057189301	0.101737649063	0.26592376852	0.035278332297	0.0341347164786	NA	NA	NA	NA
MROH2B	5	41061715	C	T	ENSG00000171495	rs1023840	rs1023840	stop-gain	NMD region	High probability LoF	Non-LOF haplotype	remove	"NA"	"NA"	"NA"	0.226	0.233811	0.0631846014979	0.00248626014132	0.139261644898	0.0866891029361	0.0396168330444	0.098855359001	NA	NA	NA	NA
ZACN	17	74077797	C	T	ENSG00000186919	rs1043149	rs1043149	stop-gain	NMD region	High probability LoF	LoF	keep	"NA"	"NA"	"NA"	0.192	0.20375	0.0522069755539	0.0103267973856	0.168274958304	0.118970315399	0.0302378712539	0.0166330972646	NA	NA	NA	NA
ABCA10	17	67149973	G	A	ENSG00000154263	rs10491178	rs10491178	stop-gain	NMD region	High probability LoF	LoF	keep	1	25294155	0	0.075	0.0810148	0.0087191180813	0.00549522438833	0.029661271885	0.0187427240978	0.00361876328765	0.00586606907461	NA	NA	NA	NA
OR2D2	11	6912921	ATT	A	ENSG00000166368	rs145065400	rs10566026	frameshift	Truncation <=15%	Low probability LoF	LoF	keep	"NA"	"NA"	"NA"	0.009737	0.00754554	0.000773275595422	0.0124215481172	0	0	0	0	NA	NA	NA	NA
GRIN3B	19	1004896	G	GCGTT	ENSG00000116032	rs10666583	rs10666583	frameshift	NMD region	High probability LoF	LoF	keep	1	28132660	1	0.244	0.250708	0.067781404969	0.0138199382799	0.0647115269282	0.00458122870903	0.0877730872338	0.0418300653595	NA	NA	NA	NA
OR4X1	11	48286231	T	A	ENSG00000176567	rs10838851	rs10838851	stop-gain	Truncation <=15%	Low probability LoF	LoF	keep	1	17964544	0	0.703	0.71034	0.516007195709	0.304927460463	0.654771833671	0.339134470356	0.582327030833	0.290578297596	NA	NA	NA	NA
OR2L8	1	248113026	T	A	ENSG00000196936	rs10888281	rs10888281	stop-gain	Truncation <=15%	Low probability LoF	LoF	keep	"NA"	"NA"	"NA"	0.864	0.890583	0.808589895402	0.109978824775	0.890626872828	0.673627404974	0.873770094759	0.869024101146	NA	NA	NA	NA
TMEM216	11	61165741	G	C	ENSG00000187049	rs10897158	rs10897158	SDV	Highly probable splicing alteration	High probability LoF	OMIM gene, likely non-LOF	remove in step 2	"NA"	"NA"	"NA"	0.813	0.83031	0.706746080986	0.128290792463	0.743502756406	0.926436244745	0.728441317128	0.70045595718	Benign	Benign	Benign	Joubert_syndrome|Meckel-Gruber_syndrome|Joubert_syndrome_1|not_specified|not_provided
GUCA1C	3	108634973	C	A	ENSG00000138472	rs10933973	rs10933973	SDV	Highly probable splicing alteration	High probability LoF	LoF	keep	"NA"	"NA"	"NA"	0.299	0.296783	0.0924064745567	0.0720544004185	0.118649133293	0.0245996750986	0.107070254111	0.0617581844268	NA	NA	NA	NA
CALML4	15	68497597	G	A	ENSG00000129007	rs11071990	rs11071990	stop-gain	NMD region	High probability LoF	LoF	keep	"NA"	"NA"	"NA"	0.03	0.0259992	0.00351692265207	0.0538562091503	0.000357355568791	0.000811782442305	2.98511918088e-05	0.00032486518095	NA	NA	NA	NA
ABCA10	17	67212031	A	T	ENSG00000154263	rs11077414	rs11077414	stop-gain	NMD region	High probability LoF	LoF	keep	"NA"	"NA"	"NA"	0.019	0.0147735	0.00252190395614	0.0402306381863	0.000179190060925	0	0	0	NA	NA	NA	NA
APOL3	22	36556768	G	A	ENSG00000128284	rs11089781	rs11089781	stop-gain	NMD region	High probability LoF	LoF	keep	5	28339911, 26343748, 24658608, 20635188, 19200524	1	0.02	0.015144	0.00322541333225	0.0513591217982	0.000238222857483	0	0	0	NA	NA	NA	NA
DEFB126	20	126310	ACC	A	ENSG00000125788	rs140685149	rs111739970	frameshift	Truncation <=15%	Low probability LoF	LoF	keep	"NA"	"NA"	"NA"	0.553	0.551823	0.306939808954	0.306743636841	0.26815875858	0.254323853743	0.300222262818	0.354355332595	NA	NA	Benign	not_specified
OR52A1	11	5172795	A	AC	ENSG00000182070	rs112098990	rs112098990	frameshift	Truncation <=15%	Low probability LoF	LoF	keep	"NA"	"NA"	"NA"	0.23	0.23253	0.0601456105568	0.0186879247256	0.0623957091776	0.000579777365492	0.0583482676225	0.106959516538	NA	NA	NA	NA
OR5AR1	11	56431216	C	T	ENSG00000172459	rs11228710	rs11228710	stop-gain	Within first 100 nucleotides	Low probability LoF	LoF	keep	"NA"	"NA"	"NA"	0.688	0.694881	0.49378545789	0.101058961956	0.606983256867	0.59357606679	0.482732800192	0.580196346141	NA	NA	NA	NA
OR2W3	1	248059779	G	GA	ENSG00000238243	rs112696640	rs112696640	frameshift	Truncation <=15%	Low probability LoF	LoF	keep	"NA"	"NA"	"NA"	0.147	0.145252	0.0229602429552	0.0181841967556	0.0296238898492	0.000696136442743	0.0211618816552	0.0398100565927	NA	NA	NA	NA
HNRNPA1L2	13	53217455	GA	G	ENSG00000139675	rs112829663	rs112829663	frameshift	Truncation <=15%	Low probability LoF	LoF	keep	"NA"	"NA"	"NA"	0.024	0.0286401	0.00334170941961	0	0.0215659258372	0	0.000234266494871	0.000392516027738	NA	NA	NA	NA
OR5K4	3	98073591	TA	T	ENSG00000196098	rs145732538	rs11288615	frameshift	Truncation <=15%	Low probability LoF	LoF	keep	"NA"	"NA"	"NA"	0.469	0.471705	0.247219228787	0.0727447744774	0.109503478811	0.014241325738	0.334609545185	0.196572171229	NA	NA	NA	NA
OR52B4	11	4389404	AG	A	ENSG00000221996	rs74427348	rs11310407	frameshift	Truncation >15%	High probability LoF	LoF	keep	"NA"	"NA"	"NA"	0.354	0.361752	0.138373961196	0.0292037716082	0.254102287699	0.19145716946	0.123486973347	0.115879828326	NA	Benign	Benign	not_specified
AC005609.1	5	140242451	GC	G	ENSG00000249034	rs142585021	rs11321479	frameshift	NMD region	High probability LoF	LoF	keep	"NA"	"NA"	"NA"	0.646	0.644062	0.415921672455	0.466676020766	0.34134237124	0.21089402013	0.449947879341	0.428646071452	NA	NA	NA	NA
PSG8	19	43268140	AG	A	ENSG00000124467	rs11355507	rs11355507	frameshift	NMD region	High probability LoF	LoF	keep	"NA"	"NA"	"NA"	0.075	0.0771334	0.00824847829797	0.0269210663879	0.0237641453246	0.000811688311688	0.00333168989885	0.00831708901884	NA	NA	NA	NA
PYGL	14	51378590	CT	C	ENSG00000100504	rs11356035	rs11356035	SDV	Highly probable splicing alteration	Low probability LoF	Splice site is conserved	remove	"NA"	"NA"	"NA"	0.438	0.439408	0.212187433994	0.434583714547	0.445615916131	0.370709647495	0.11904264214	0.202287348106	Benign	Benign	Benign	Glycogen_storage_disease,_type_VI|not_specified|not_provided
CLECL1	12	9885707	A	ATAAGT	ENSG00000184293	rs112979434	rs113575400	frameshift	NMD region	High probability LoF	LoF	keep	"NA"	"NA"	"NA"	0.507	0.505354	0.263854647236	0.518135393479	0.16305125149	0.152229447283	0.257522931661	0.311207905344	NA	NA	NA	NA
HLA-A	6	29910779	G	GCTCC	ENSG00000206503	rs1136691	rs1136691	frameshift	NMD region	High probability LoF	HLA probable alternative contig	remove	"NA"	"NA"	"NA"	0.158	0.159363	0.028146004481	0.0209037811251	0.0452441077441	0.0290148448043	0.0220889285774	0.0390619051245	NA	NA	NA	NA
NUDT13	10	74890583	G	GC	ENSG00000166321	rs11381190	rs11381190	frameshift	Truncation <=15%	Low probability LoF	LoF	keep	"NA"	"NA"	"NA"	0.018	0.0149245	0.0018523633882	0.0284967320261	0.000119132713843	0	4.47975152312e-05	6.497303619e-05	NA	NA	NA	NA
UNC93A	6	167711559	G	C	ENSG00000112494	rs113906647	rs113906647	SDV	Highly probable splicing alteration	High probability LoF	LoF	keep	"NA"	"NA"	"NA"	0.03	0.0329137	0.00258178371842	0	0.0114606339163	0.00696702275894	0.000195774287306	0.00306089221752	NA	NA	NA	NA
OR1B1	9	125391770	C	CA	ENSG00000171484	rs72541201	rs11421222	frameshift	Within first 100 nucleotides	Low probability LoF	LoF	keep	"NA"	"NA"	"NA"	0.456	0.453404	0.215687740371	0.179443198311	0.0806825106642	0.106135401975	0.273942738665	0.200672043011	NA	Benign	Benign	not_specified
DEFB126	20	126155	GCAAA	G	ENSG00000125788	rs11467497	rs11467497	frameshift	Truncation >15%	High probability LoF	LoF	keep	1	25721098	1	0.152	0.146205	0.0242463159093	0.0692810457516	0.0123397913562	0.00417536534447	0.0212886744252	0.0326270635643	Benign	Benign	Benign	not_specified
C14orf105	14	57948380	T	C	ENSG00000100557	rs1152522	rs1152522	SDV	Highly probable splicing alteration	High probability LoF	LoF	keep	3	28158838, 17562859, 16400609	1	0.736	0.744227	0.572130554825	0.0941515866772	0.591429090249	0.91482429602	0.540374359827	0.735806707156	NA	NA	NA	NA
SDR42E1	16	82033810	G	A	ENSG00000184860	rs11542462	rs11542462	stop-gain	Within first 100 nucleotides	Low probability LoF	LoF	keep	"NA"	"NA"	"NA"	0.105	0.104747	0.0135324350147	0.00131061598952	0.00470630287144	0	0.0158987620694	0.0264560582423	NA	NA	NA	NA
LILRA3	19	54803979	C	G	ENSG00000170866	rs11574607	rs11574607	SDV	Highly probable splicing alteration	High probability LoF	LoF	keep	"NA"	"NA"	"NA"	0.023	0.0207834	0.00983600819084	0.00118499012508	0.00124266482568	0.110046265697	0.000816505982477	0.0246417570644	NA	NA	NA	NA
PRODH	22	18912677	C	T	ENSG00000100033	rs11913840	rs11913840	stop-gain	NMD region	High probability LoF	Non-LOF haplotype	remove	"NA"	"NA"	"NA"	0.04	0.0389765	0.00212857572286	0.0121616320126	0.00154854079809	0.0011599582415	0.00149313902617	0.000714749837557	Benign	Benign	Benign	Proline_dehydrogenase_deficiency|Schizophrenia_4
COL9A2	1	40773150	G	A	ENSG00000049089	rs12077871	rs12077871	stop-gain	NMD region	High probability LoF	Non-LOF haplotype	remove	"NA"	"NA"	"NA"	0.032	0.0307859	0.00251430059318	0.0118017309205	0.00548827775458	0.0124259667867	0	0.00123577235772	Benign/Likely_benign	Benign/Likely_benign	Benign/Likely_benign	Multiple_Epiphyseal_Dysplasia,_Dominant|not_specified|Stickler_Syndrome,_Recessive
AKR1E2	10	4889403	C	T	ENSG00000165568	rs12240276	rs12240276	stop-gain	Truncation <=15%	Low probability LoF	LoF	keep	1	16385451	0	0.097	0.0949951	0.0102877481533	0.0101974114263	0.00584063412599	0	0.0138121546961	0.00689430894309	NA	NA	NA	NA
SEMA4C	2	97526788	C	A	ENSG00000168758	rs12471298	rs12471298	stop-gain	Truncation >15%	High probability LoF	Non-LOF haplotype	remove	"NA"	"NA"	"NA"	0.023	0.0297601	0.00667163897745	0	0.0482985074627	0	0	0	NA	NA	NA	NA
TEX26	13	31531009	G	A	ENSG00000175664	rs12857479	rs12857479	SDV	Highly probable splicing alteration	High probability LoF	LoF	keep	1	26708639	0	0.342	0.345875	0.125523114751	0.00862970711297	0.0974720611964	0.0896319517009	0.144969617146	0.138032018743	NA	NA	NA	NA
PSG1	19	43373034	G	A	ENSG00000231924	rs12986075	rs12986075	stop-gain	NMD region	High probability LoF	LoF	keep	"NA"	"NA"	"NA"	0.137	0.136902	0.0273577572156	0.00206725468578	0.0075603024121	0.000585823081429	0.0421283632374	0.010689861231	NA	NA	NA	NA
PSORS1C1	6	31106500	TCC	TC	ENSG00000204540	.	rs138474986	frameshift	NMD region	High probability LoF	LoF	keep	"NA"	"NA"	"NA"	0.114	0.111156	0.0140553470532	0.0295620942119	0.00894401049431	0.0109365910413	0.0162662243796	0.00580939947781	NA	NA	NA	NA
LILRA3	19	54803664	C	A	ENSG00000170866	rs138741442	rs138741442	stop-gain	NMD region	High probability LoF	LoF	keep	"NA"	"NA"	"NA"	0.014	0.0127362	0.00635498638842	0	6.9098949696e-05	0.0717821782178	7.85632355483e-05	0.0187758920219	NA	NA	NA	NA
DNAJC28	21	34860749	CAATTA	C	ENSG00000177692	rs71804651	rs139852262	frameshift	Truncation >15%	High probability LoF	LoF	keep	"NA"	"NA"	"NA"	0.208	0.212217	0.049322376487	0.00210470928703	0.0467203540911	0.0202386523163	0.0622563978608	0.0400027399137	NA	NA	NA	NA
GOLGA8S	15	23609550	G	T	ENSG00000261739	rs140059935	rs140059935	stop-gain	NMD region	High probability LoF	LoF	keep	"NA"	"NA"	"NA"	0.123	0.124502	0.0165405149693	0.000687474219717	0.00561529271207	0.0193616521943	0.0175313229479	0.0298000261404	NA	NA	NA	NA
ZNF117	7	64438667	G	A	ENSG00000152926	rs1404453	rs1404453	stop-gain	Truncation <=15%	Low probability LoF	LoF	keep	1	21205862	0	0.931	0.934587	0.87680603399	0.590795856824	0.872405335886	0.723653667595	0.909394258229	0.940893426101	NA	NA	NA	NA
OR2V2	5	180582256	TTGTC	T	ENSG00000182613	rs140598308	rs140598308	frameshift	Truncation >15%	High probability LoF	LoF	keep	"NA"	"NA"	"NA"	0.068	0.0645883	0.00505173562042	0.0210402509148	0.00202489428861	0.00139146567718	0.00331323503074	0.00669222272757	NA	NA	NA	NA
ABCA10	17	67190117	AAT	A	ENSG00000154263	rs140723420	rs140723420	frameshift	NMD region	High probability LoF	LoF	keep	"NA"	"NA"	"NA"	0.031	0.0241763	0.00771883860912	0.122257467618	0.000310752019888	0	0	0	NA	NA	NA	NA
CFHR1	1	196799813	G	A	ENSG00000244414	rs140799744	rs140799744	SDV	Highly probable splicing alteration	High probability LoF	LoF	keep	"NA"	"NA"	"NA"	0.002311	0.00182508	0.000998631186563	0.0174181995768	0.000181554103123	0	3.11623558741e-05	7.35023888276e-05	NA	NA	NA	NA
OR2T7	1	248605354	C	CT	ENSG00000227152	.	rs140946811	frameshift	Truncation <=15%	Low probability LoF	LoF	keep	"NA"	"NA"	"NA"	0.018	0.00774655	0.000592407312939	0.011093990755	0	0	0	0	NA	NA	NA	NA
OR2T27	1	248813309	T	TA	ENSG00000187701	.	rs141113411	frameshift	Truncation <=15%	Low probability LoF	LoF	keep	"NA"	"NA"	"NA"	0.012	0.0054787	0.00208552327293	0.0378579517877	0.00073773515308	0	1.52804730834e-05	0	NA	NA	NA	NA
GUF1	4	44688041	G	A	ENSG00000151806	rs141526764	rs141526764	SDV	Highly probable splicing alteration	High probability LoF	LoF	keep	"NA"	"NA"	"NA"	0.011	0.014742	0.0018687622918	0	0.0135167464115	0	0	0	NA	NA	NA	NA
DOCK6	19	11326148	C	CT	ENSG00000130158	.	rs142339683	SDV	Highly probable splicing alteration	High probability LoF	Splice site is conserved	remove	"NA"	"NA"	"NA"	0.013	0.0108048	0.00140524023889	0.0223663313923	0	0	1.50242641867e-05	0	NA	NA	NA	NA
OR1D5	17	2966543	TA	T	ENSG00000262628	rs142753580	rs142753580	frameshift	Truncation >15%	High probability LoF	LoF	keep	"NA"	"NA"	"NA"	0.016	0.0116734	0.00175649741405	0.0282102461743	0.00017873100983	0	0	6.49772579597e-05	NA	NA	NA	NA
EXO5	1	40981007	CTG	C	ENSG00000164002	rs143142866	rs143142866	frameshift	Truncation >15%	High probability LoF	LoF	keep	"NA"	"NA"	"NA"	0.01	0.0105851	0.0015272508672	0	0	0.0218046856878	0	0	NA	NA	NA	NA
SLFN12L	17	33806841	AG	A	ENSG00000205045	rs143471015	rs143471015	frameshift	NMD region	High probability LoF	LoF	keep	"NA"	"NA"	"NA"	0.027	0.0265541	0.00237265073561	0.0112251882272	0.000184286504085	0.0194245477722	0.000126330417206	0.00160277814879	NA	NA	NA	NA
GPR135	14	59930916	G	GCA	ENSG00000181619	rs113897239	rs143521018	frameshift	Truncation >15%	High probability LoF	LoF	keep	"NA"	"NA"	"NA"	0.01	0.00854847	0.000968854663448	0.0158119070535	5.97621466563e-05	0	0	0	NA	NA	NA	NA
KCNMB3	3	178960766	CT	C	ENSG00000171121	rs148909269	rs143962239	frameshift	Truncation <=15%	Low probability LoF	LoF	keep	"NA"	"NA"	"NA"	0.065	0.0618517	0.00640858733905	0.0433867998948	0.00367166594063	0	0.00418096054889	0.000909345271405	NA	Benign	Benign	not_specified
PTCHD3	10	27687534	C	CT	ENSG00000182077	rs33998137	rs144226969	frameshift	Truncation <=15%	Low probability LoF	LoF	keep	"NA"	"NA"	"NA"	0.045	0.0467905	0.00739461854192	0	0.00507432392096	0.0634514816967	0.000374313135397	0.0160754962577	NA	NA	NA	NA
OR10AD1	12	48596875	C	CA	ENSG00000172640	rs144247841	rs144247841	frameshift	Truncation >15%	High probability LoF	LoF	keep	"NA"	"NA"	"NA"	0.208	0.200931	0.0440775176065	0.0720970080401	0.0123390236598	0.0174479469582	0.0532066793922	0.0452205642797	NA	NA	NA	NA
OR4C16	11	55339652	C	T	ENSG00000181935	rs1459101	rs1459101	stop-gain	Within first 100 nucleotides	Low probability LoF	LoF	keep	"NA"	"NA"	"NA"	0.279	0.28699	0.0886876574102	0.0141213389121	0.171137339056	0.147598050592	0.0765319895618	0.0636855485301	NA	NA	NA	NA
OR51B5	11	5364541	CCAGCCCCAGGTCTGTGG	C	ENSG00000242180	rs147062602	rs147062602	frameshift	Truncation >15%	High probability LoF	LoF	keep	"NA"	"NA"	"NA"	0.043	0.040812	0.00238487591193	0.0154823342596	0.000480884828084	0	0.00195264827923	0.000133555926544	NA	NA	NA	NA
OR1B1	9	125391241	G	A	ENSG00000171484	rs1476860	rs1476860	stop-gain	Truncation >15%	High probability LoF	LoF	keep	1	19200524	0	0.34	0.354636	0.146977146871	0.00590396221464	0.308138491897	0.372510192196	0.0799157831416	0.219128171763	NA	NA	NA	NA
PLEKHG1	6	151140910	GGTAA	G	ENSG00000120278	rs149108191	rs149108191	SDV	Highly probable splicing alteration	Low probability LoF	Splice site is conserved	remove	"NA"	"NA"	"NA"	0.009011	0.00686896	0.000690551628889	0.0111140167364	0	0	0	0	NA	NA	NA	NA
OR2T11	1	248790108	CAG	C	ENSG00000183130	rs149866013	rs149866013	frameshift	Truncation >15%	High probability LoF	LoF	keep	"NA"	"NA"	"NA"	0.005624	0.00478341	0.00186160665837	0.0290021536253	0.000793553900623	0	9.17108662091e-05	0	NA	NA	Benign	not_provided
GEN1	2	17962993	CAAGTT	C	ENSG00000178295	rs149936944	rs149936944	frameshift	Truncation <=15%	Low probability LoF	LoF	keep	"NA"	"NA"	"NA"	0.088	0.0868127	0.00827214122134	0.000130804447351	0.00220697882493	0.0116238521446	0.0115518482957	0.00286011440458	NA	NA	NA	NA
TCHHL1	1	152058192	G	A	ENSG00000182898	rs150014958	rs150014958	stop-gain	Truncation >15%	High probability LoF	LoF	keep	"NA"	"NA"	"NA"	0.022	0.0296428	0.00517398226063	0.000130684788291	0.0359780795807	0.00313079777365	0	0.000129954515919	NA	NA	NA	NA
OR51I1	11	5462702	G	A	ENSG00000167359	rs16930998	rs16930998	stop-gain	Within first 100 nucleotides	Low probability LoF	LoF	keep	"NA"	"NA"	"NA"	0.07	0.0731568	0.0152535867976	0.000392259414226	0.0145715138847	0.144764337126	0.000677384393064	0.019239519012	NA	NA	NA	NA
SIGLEC12	19	52004903	G	A	ENSG00000254521	rs16982743	rs16982743	stop-gain	Within first 100 nucleotides	Low probability LoF	LoF	keep	2	23690342, 19200524	0	0.18	0.174752	0.0345074199893	0.112506541078	0.0111971411554	0.00278389977961	0.0366309121874	0.0269638100188	NA	NA	NA	NA
HTN3	4	70898922	T	A	ENSG00000205649	rs17147990	rs17147990	stop-gain	Truncation <=15%	Low probability LoF	LoF	keep	1	7951254	1	0.014	0.0100434	0.00134188161622	0.0215126505209	0.000187242541505	0	0	0	NA	NA	CLNSIGINCL=14913:Pathogenic	CLNDNINCL=HIS2*1/HIS2*2_POLYMORPHISM
PKHD1L1	8	110472066	G	C	ENSG00000205038	rs17368310	rs17368310	SDV	Highly probable splicing alteration	High probability LoF	LoF	keep	"NA"	"NA"	"NA"	0.064	0.0719053	0.0120897957156	0	0.0744208969936	0.00046909815879	0.00286606817906	0.00299940011998	NA	NA	NA	NA
NACA2	17	59667953	G	A	ENSG00000253506	rs17610181	rs17610181	stop-gain	Truncation <=15%	Low probability LoF	LoF	keep	1	23989986	0	0.156	0.15511	0.0281405321119	0.00522807476147	0.0136978143053	0.0386131725417	0.020639634665	0.0792671041518	NA	NA	NA	NA
SLC22A25	11	62996038	T	C	ENSG00000196600	rs1783657	rs1783657	SDV	Highly probable splicing alteration	High probability LoF	LoF	keep	"NA"	"NA"	"NA"	0.024	0.019984	0.0029125500722	0.0454545454545	5.99304806425e-05	0	7.49198357757e-05	0	NA	NA	NA	NA
CELA1	12	51723598	A	AG	ENSG00000139610	rs60311818	rs17860363	frameshift	NMD region	High probability LoF	LoF	keep	"NA"	"NA"	"NA"	0.227	0.225373	0.0600292825769	0.0155488206615	0.0269628727937	0.00105596620908	0.0856496152105	0.0326586936523	NA	NA	NA	NA
SLC22A10	11	63057925	G	A	ENSG00000184999	rs1790218	rs1790218	stop-gain	NMD region	High probability LoF	LoF	keep	1	27274832	0	0.515	0.518028	0.276229708785	0.0822329716303	0.256603322577	0.175226586103	0.337315224732	0.210557184751	NA	NA	NA	NA
AGAP6	10	51769746	G	T	ENSG00000204149	rs188468654	rs188468654	stop-gain	Truncation <=15%	Low probability LoF	LoF	keep	"NA"	"NA"	"NA"	0.012	0.0108437	0.000757034832205	0.0101125195841	5.99520383693e-05	0	1.63270637409e-05	0.000978473581213	NA	NA	NA	NA
OR52D1	11	5510540	G	GGGCT	ENSG00000181609	rs190320444	rs190320444	frameshift	Truncation >15%	High probability LoF	LoF	keep	"NA"	"NA"	"NA"	0.135	0.140569	0.023222143595	0.00353033472803	0.0528009535161	0.00359461966605	0.0246861862087	0.00688758934373	NA	NA	NA	NA
CNTNAP3B	9	43737325	A	G	ENSG00000154529	rs191459199	rs191459199	SDV	Highly probable splicing alteration	High probability LoF	LoF	keep	"NA"	"NA"	"NA"	0.00186	0.0015296	0.000695271286165	0.0115402369595	0.000252461499621	0	0	0	NA	NA	NA	NA
AKAP3	12	4735965	T	TC	ENSG00000111254	rs34275182	rs200178782	frameshift	NMD region	High probability LoF	Non-LOF haplotype	remove	"NA"	"NA"	"NA"	0.139	0.135595	0.0205410120728	0.013615333774	0.014959310675	0.0175724426859	0.0122895341232	0.0696549921589	NA	NA	NA	NA
DNAJB7	22	41257834	T	TA	ENSG00000172404	.	rs200971397	frameshift	Truncation >15%	High probability LoF	LoF	keep	"NA"	"NA"	"NA"	0.054	0.07155	0.0358360247639	0.000130718954248	0.260121820136	0	0.000224131490474	6.51890482399e-05	NA	NA	NA	NA
CHRFAM7A	15	30665280	TCA	T	ENSG00000166664	.	rs201490160	frameshift	NMD region	High probability LoF	LoF	keep	"NA"	"NA"	"NA"	0.398	0.401771	0.116550400056	0.0106281509742	0.199423076923	0.373070847004	0.0669837304637	0.162227939643	NA	NA	NA	NA
RABL2A	2	114392640	CG	C	ENSG00000144134	.	rs201528381	frameshift	NMD region	High probability LoF	LoF	keep	"NA"	"NA"	"NA"	0.032	0.0312277	0.0024049398765	0.000130736043927	0.0010125677527	0.013919498898	0.00025383363445	0.00845198621676	NA	NA	NA	NA
EBLN2	3	73111481	C	CA	ENSG00000255423	rs3832186	rs201649088	frameshift	NMD region	High probability LoF	LoF	keep	"NA"	"NA"	"NA"	0.153	0.147351	0.0309397208886	0.0110898138007	0.0097049689441	0.118711545422	0.0103795920287	0.106422018349	NA	NA	NA	NA
OR8B3	11	124266697	A	AG	ENSG00000196661	.	rs201661436	frameshift	Truncation >15%	High probability LoF	LoF	keep	"NA"	"NA"	"NA"	0.05	0.0492362	0.00364530972873	0	0.000179759122775	0	0.00255496941551	0.0120324352603	NA	NA	NA	NA
LILRA3	19	54803483	AG	A	ENSG00000170866	.	rs201804218	frameshift	NMD region	High probability LoF	LoF	keep	"NA"	"NA"	"NA"	0.006512	0.00585858	0.00285696203676	0.000792811839323	0.000214285714286	0.0354940843193	0.000504951785249	0.00407965703222	NA	NA	NA	NA
IFNE	9	21481483	G	A	ENSG00000184995	rs2039381	rs2039381	stop-gain	Truncation >15%	High probability LoF	LoF	keep	2	24055696, 22162829	0	0.045	0.0452604	0.00581709292622	0.00432446599397	0.0032215726047	0.0352448528556	0.000181200453001	0.0196397216622	NA	NA	NA	NA
AKAP3	12	4735969	GA	G	ENSG00000111254	rs67512580	rs2041291	frameshift	NMD region	High probability LoF	Non-LOF haplotype	remove	"NA"	"NA"	"NA"	0.139	0.136193	0.0206836238831	0.0140086206897	0.0151333173192	0.0175703979521	0.0123913473687	0.0697947980656	NA	NA	NA	NA
COL6A5	3	130159330	C	T	ENSG00000172752	rs2201717	rs2201717	stop-gain	NMD region	High probability LoF	LoF	keep	"NA"	"NA"	"NA"	0.018	0.0222739	0.00194927004323	0	0.0134296287454	0	9.00887374063e-05	0.000325034128584	NA	NA	NA	NA
BPHL	6	3127644	T	C	ENSG00000137274	rs2231365	rs2231365	SDV	Highly probable splicing alteration	High probability LoF	LoF	keep	"NA"	"NA"	"NA"	0.013	0.00986295	0.00114280982154	0.0178595052256	0.000124633887954	0	0	0	NA	NA	NA	NA
UNC93A	6	167709702	G	A	ENSG00000112494	rs2235197	rs2235197	stop-gain	NMD region	High probability LoF	LoF	keep	"NA"	"NA"	"NA"	0.109	0.111341	0.0137820695032	0.000784108729744	0.0147102614496	0.0274814471243	0.0109544063876	0.0265739718017	NA	NA	NA	NA
LGALS8	1	236706300	T	A	ENSG00000116977	rs2273865	rs2273865	stop-gain	NMD region	High probability LoF	LoF	keep	1	28570605	1	0.068	0.0666223	0.00739976606667	0.0377728401516	0.0136390708755	0.0220417633411	0.00116424861186	0.00578335174475	NA	NA	NA	NA
MS4A12	11	60265002	C	T	ENSG00000071203	rs2298553	rs2298553	stop-gain	NMD region	High probability LoF	LoF	keep	"NA"	"NA"	"NA"	0.476	0.477348	0.23102927075	0.245124983641	0.317028122021	0.225638051044	0.212687793077	0.213816858387	NA	NA	NA	NA
ANKRD36	2	97779487	GC	G	ENSG00000135976	rs141447363	rs2315151	frameshift	Within first 100 nucleotides	Low probability LoF	LoF	keep	"NA"	"NA"	"NA"	0.073	0.0750938	0.0122049915391	0.000524796641301	0.00233770904514	0	0.0206881009615	0.00175976015121	NA	NA	NA	NA
KRTAP10-6	21	46011583	G	T	ENSG00000188155	rs233303	rs233303	stop-gain	Truncation >15%	High probability LoF	LoF	keep	"NA"	"NA"	"NA"	0.223	0.22372	0.0519746465139	0.0244540342618	0.0298409673	0.0995128740431	0.0552551386233	0.0471734892788	NA	NA	NA	NA
OR2J1	6	29069299	C	T	ENSG00000204702	rs114062043	rs2394517	stop-gain	Truncation >15%	High probability LoF	LoF	keep	"NA"	"NA"	"NA"	0.5	0.504307	0.275168221565	0.0132268203248	0.233867604123	0.110982256755	0.368130227001	0.175828460039	NA	NA	NA	NA
OR51Q1	11	5444136	C	T	ENSG00000167360	rs2647574	rs2647574	stop-gain	Truncation >15%	High probability LoF	LoF	keep	"NA"	"NA"	"NA"	0.425	0.429443	0.195937484753	0.0897921840282	0.180767397521	0.529630059144	0.153117057856	0.267802562268	NA	NA	NA	NA
ARMS2	10	124214355	C	T	ENSG00000254636	rs2736911	rs2736911	stop-gain	NMD region	High probability LoF	LoF	keep	26	28128407, 26171855, 25074467, 24013816, 23687431, 23644223, 23592919, 23572227, 23289807, 22303384, 22293892, 21958005, 21252205, 21203342, 20961462, 20664794, 20157352, 20140183, 19958499, 19933179, 19259132, 18688167, 18164066, 18162041, 16642439, 16080115	1	0.131	0.131191	0.019334031958	0.00640857964949	0.0115544967242	0.0246985157699	0.025035455699	0.00662724969138	Likely_benign	Likely_benign	Likely_benign	Macular_degeneration
SYNE2	14	64560092	G	A	ENSG00000054654	rs2781377	rs2781377	stop-gain	NMD region	High probability LoF	Non-LOF haplotype	remove	"NA"	"NA"	"NA"	0.087	0.0850422	0.00905914852129	0.0154288702929	0.00291857764012	0.0138083081922	0.00409107876073	0.0233948531323	Benign	Benign	Benign	Emery-Dreifuss_muscular_dystrophy|Emery-Dreifuss_muscular_dystrophy_5,_autosomal_dominant|not_specified
GAB4	22	17469049	C	A	ENSG00000215568	rs28502153	rs28502153	stop-gain	NMD region	High probability LoF	LoF	keep	"NA"	"NA"	"NA"	0.383	0.389477	0.157018926794	0.0495154652861	0.235816566975	0.155198687141	0.136137260856	0.209250230597	NA	NA	NA	NA
KRTAP1-1	17	39197499	G	A	ENSG00000188581	rs3213755	rs3213755	stop-gain	Truncation >15%	High probability LoF	LoF	keep	"NA"	"NA"	"NA"	0.195	0.191054	0.0362489829129	0.0299195993146	0.0989726436507	0.0470984998256	0.0187749249451	0.0494044132005	NA	NA	NA	NA
PCDHGA8	5	140772898	GC	G	ENSG00000253767	rs3214276	rs3214276	frameshift	NMD region	High probability LoF	LoF	keep	"NA"	"NA"	"NA"	0.1	0.100105	0.0120293056954	0.0327011118378	0.0248347328926	0.0119434137291	0.00595513499799	0.0151397011046	NA	NA	NA	NA
MDP1	14	24683266	CA	C	ENSG00000213920	rs3215610	rs3215610	frameshift	Truncation <=15%	Low probability LoF	LoF	keep	"NA"	"NA"	"NA"	0.111	0.103035	0.0190724061774	0.173501577287	0.00453514739229	0.0465170915071	0.00431028009311	0.0101699363559	NA	NA	NA	NA
ZNF474	5	121488635	AT	A	ENSG00000164185	rs3217313	rs3217313	frameshift	Truncation <=15%	Low probability LoF	LoF	keep	"NA"	"NA"	"NA"	0.094	0.0880901	0.0149900771058	0.140107372005	0.00602050548402	0.0419572291957	0.00251181149453	0.00773581226029	NA	NA	NA	NA
ZNF480	19	52803669	CTG	C	ENSG00000198464	rs3217319	rs3217319	frameshift	Within first 100 nucleotides	Low probability LoF	LoF	keep	"NA"	"NA"	"NA"	0.688	0.69228	0.488784826386	0.146908900797	0.44145324598	0.40484750087	0.546431828716	0.533818465337	Benign	Benign	Benign	not_specified
TIGD6	5	149375720	TC	T	ENSG00000164296	rs149393269	rs33910807	frameshift	Truncation >15%	High probability LoF	LoF	keep	"NA"	"NA"	"NA"	0.027	0.0216434	0.00555605195396	0.0879738562092	0.000416890000596	0	0	6.49772579597e-05	NA	NA	NA	NA
GDPD4	11	76954788	T	TA	ENSG00000178795	rs71272231	rs34784710	frameshift	NMD region	High probability LoF	LoF	keep	"NA"	"NA"	"NA"	0.311	0.308485	0.105701118729	0.0105910041841	0.0378430083099	0.0559823091248	0.118815138239	0.193318979579	NA	NA	NA	NA
MOK	14	102729886	G	A	ENSG00000080823	rs34931752	rs34931752	stop-gain	NMD region	High probability LoF	LoF	keep	"NA"	"NA"	"NA"	0.041	0.0397702	0.00225384330743	0.010101010101	0.000635930047695	0.00106244835321	0.0017206724327	0.00276693863072	NA	NA	NA	NA
SEC14L4	22	30891264	C	A	ENSG00000133488	rs35032582	rs35032582	stop-gain	NMD region	High probability LoF	LoF	keep	"NA"	"NA"	"NA"	0.008962	0.00701993	0.000630728778434	0.0100824931256	0	0	0	0	NA	NA	NA	NA
OR51I2	11	5475431	T	TCA	ENSG00000187918	rs71053261	rs35301588	frameshift	Truncation >15%	High probability LoF	LoF	keep	"NA"	"NA"	"NA"	0.296	0.29902	0.104360611525	0.00954123643968	0.0746277546158	0.00185528756957	0.149581964766	0.0474952894549	NA	NA	NA	NA
OR2B11	1	247615261	GA	G	ENSG00000177535	rs35305980	rs35305980	frameshift	Within first 100 nucleotides	Low probability LoF	LoF	keep	"NA"	"NA"	"NA"	0.462	0.463198	0.220020565721	0.0985473105614	0.301730310263	0.222312514511	0.204731984487	0.288920694815	NA	NA	NA	NA
RP11-1396O13.13	4	9386295	C	A	ENSG00000219492	rs35948112	rs35948112	stop-gain	Truncation >15%	High probability LoF	LoF	keep	"NA"	"NA"	"NA"	0.075	0.0712574	0.00622570629986	0.0258394543547	0.000893601811033	0.00336270871985	0.00566997165014	0.00806661462399	NA	NA	NA	NA
ZNF852	3	44540791	TTC	T	ENSG00000178917	rs141103116	rs36046723	frameshift	Truncation <=15%	Low probability LoF	MAF=1	remove	"NA"	"NA"	"NA"	1	0.999915	0.999829208585	0.999868938401	0.999880838894	1	0.999790651075	0.999805068226	NA	NA	NA	NA
ZNF80	3	113955187	A	C	ENSG00000174255	rs3732781	rs3732781	stop-gain	Truncation <=15%	Low probability LoF	LoF	keep	"NA"	"NA"	"NA"	0.25	0.254679	0.0695798401248	0.00300575013068	0.0596259232785	0.0202922077922	0.0784574269547	0.0905841835077	NA	NA	NA	NA
SARM1	17	26708298	A	AGC	ENSG00000004139	.	rs374054341	frameshift	NMD region	High probability LoF	Non-LOF haplotype	remove	"NA"	"NA"	"NA"	0.998	0.999957	0.999914319007	0.999702999703	0.999938457751	0.999879720953	0.999905704856	1	NA	NA	NA	NA
KLK12	19	51535130	A	G	ENSG00000186474	rs3745540	rs3745540	SDV	Highly probable splicing alteration	High probability LoF	LoF	keep	"NA"	"NA"	"NA"	0.577	0.579293	0.340507334197	0.140024118987	0.368044372875	0.430828203043	0.335175761372	0.38961123391	NA	NA	NA	NA
PSG9	19	43772302	C	T	ENSG00000183668	rs3746297	rs3746297	SDV	Highly probable splicing alteration	High probability LoF	LoF	keep	"NA"	"NA"	"NA"	0.111	0.113903	0.0201167169657	0.0386550172094	0.0202396473583	0.141570903921	0.00500898436879	0.00989208633094	NA	NA	NA	NA
OBSCN	1	228469903	A	T	ENSG00000154358	rs3795786	rs3795786	stop-gain	NMD region	High probability LoF	Non-LOF haplotype	remove	"NA"	"NA"	"NA"	0.035	0.035351	0.00705277132426	0.000133049494412	0	0.0921653589413	0.000216139440816	0.00280057314055	NA	NA	NA	NA
SPATA8	15	97327393	C	T	ENSG00000185594	rs3812907	rs3812907	stop-gain	Within first 100 nucleotides	Low probability LoF	LoF	keep	"NA"	"NA"	"NA"	0.126	0.129779	0.0190130140383	0.000392156862745	0.0418205647563	0.0198283858998	0.0131368534322	0.0327527943852	NA	NA	NA	NA
TCTEX1D1	1	67242087	G	A	ENSG00000152760	rs3816989	rs3816989	SDV	Highly probable splicing alteration	High probability LoF	LoF	keep	1	16937379	1	0.136	0.135657	0.0197623180665	0.0070263820761	0.00847350448969	0.0231050335966	0.0197535722935	0.0327325460949	NA	NA	NA	NA
RNF32	7	156468559	T	C	ENSG00000105982	.	rs3823617	SDV	Highly probable splicing alteration	High probability LoF	LoF	keep	"NA"	"NA"	"NA"	0.039	0.0364914	0.00251833740831	0.0124183006536	0.000476502471857	0.0153114487878	0.000885952398829	0.000585023400936	NA	NA	NA	NA
DHDH	19	49442849	T	TG	ENSG00000104808	rs3830420	rs3830420	frameshift	NMD region	High probability LoF	LoF	keep	"NA"	"NA"	"NA"	0.213	0.216643	0.0613215988027	0.00615424905067	0.0560162262125	0.291458454387	0.0359635879882	0.0950770631463	NA	NA	NA	NA
TPSD1	16	1306559	AG	A	ENSG00000095917	rs3830782	rs3830782	frameshift	NMD region	High probability LoF	LoF	keep	"NA"	"NA"	"NA"	0.229	0.236503	0.0640288240004	0.141974497174	0.158850588446	0.0245206275421	0.0393569344603	0.0360166731796	NA	NA	NA	NA
TIGD6	5	149374879	CT	C	ENSG00000164296	rs67506783	rs3832324	frameshift	Truncation >15%	High probability LoF	LoF	keep	"NA"	"NA"	"NA"	0.603	0.597164	0.367424180894	0.168060637742	0.186420488386	0.390538033395	0.438021463007	0.345029239766	NA	NA	NA	NA
A2M	12	9246176	CTATGG	C	ENSG00000175899	rs3832852	rs3832852	SDV	Highly probable splicing alteration	Low probability LoF	Splice site is conserved	remove	"NA"	"NA"	"NA"	0.14	0.137676	0.0200547680412	0.0393411380343	0.00577784197602	0.00150394786314	0.0202623491017	0.0292994623237	NA	NA	Benign	ALPHA-2-MACROGLOBULIN_POLYMORPHISM|Alzheimer_disease,_susceptibility_to|not_specified
CYP2F1	19	41622107	G	GC	ENSG00000197446	rs11399890	rs3833221	frameshift	Within first 100 nucleotides	Low probability LoF	LoF	keep	2	25207010, 12436197	0	0.214	0.207743	0.0476299052939	0.159952916558	0.0213616564234	0.0610208816705	0.0396094463663	0.0531762561833	NA	Benign	Benign	not_specified
ZBED6CL	7	150028157	GC	G	ENSG00000188707	rs3839683	rs3839683	frameshift	Truncation <=15%	Low probability LoF	LoF	keep	"NA"	"NA"	"NA"	0.026	0.0288873	0.00226039414093	0	0.00507038892866	0.0165020337013	0.000601340990409	0.000390091671543	NA	NA	NA	NA
PBOV1	6	138539183	A	AG	ENSG00000254440	rs3841283	rs3841283	frameshift	NMD region	High probability LoF	LoF	keep	2	24200957, 12436197	0	0.112	0.117655	0.0224631375196	0.0264052287582	0.0513523174074	0.136047320807	0.00619185785648	0.00442218898355	NA	NA	NA	NA
LPA	6	161006077	C	T	ENSG00000198670	rs41272114	rs41272114	SDV	Highly probable splicing alteration	High probability LoF	LoF	keep	3	27329291, 26896185, 24925971	1	0.037	0.0404289	0.00263401785279	0	0.0113825983313	0	0.00141983888565	0.00207913715808	Benign	Benign	Benign	not_specified
CYP3A5	7	99250393	T	TA	ENSG00000106258	rs41303343	rs41303343	frameshift	NMD region	High probability LoF	LoF	keep	11	28673292, 26779253, 26667830, 26485092, 24944790, 24427273, 23922006, 22808112, 22445700, 21806386, 20386561	0	0.009192	0.00714623	0.000644098750938	0.0100666753824	5.97800095648e-05	0	0	0	NA	NA	NA	NA
RFPL1	22	29837884	C	T	ENSG00000128250	rs12484086	rs41399052	stop-gain	Truncation >15%	High probability LoF	LoF	keep	"NA"	"NA"	"NA"	0.143	0.137711	0.0188976249511	0.0265022303857	0.00638462915448	0.000695894224078	0.0262072276143	0.0113384595334	NA	NA	NA	NA
OR6C74	12	55641255	C	T	ENSG00000197706	rs4522268	rs4522268	stop-gain	Truncation >15%	High probability LoF	LoF	keep	"NA"	"NA"	"NA"	0.278	0.272971	0.0816333170652	0.0329584096259	0.0328103561415	0.01194618418	0.0975642558279	0.119465275514	NA	NA	NA	NA
ZNF860	3	32030998	C	T	ENSG00000197385	rs4639011	rs4639011	stop-gain	Truncation >15%	High probability LoF	LoF	keep	"NA"	"NA"	"NA"	0.029	0.025024	0.00296646673494	0.0434327577185	0.000416939662875	0	0.00031376064545	0.00012994607238	NA	NA	NA	NA
OR52N4	11	5776484	A	T	ENSG00000181074	rs4910844	rs4910844	stop-gain	Truncation >15%	High probability LoF	LoF	keep	"NA"	"NA"	"NA"	0.232	0.234141	0.0567680255379	0.023930953315	0.061623814353	0.0485369252206	0.0597560610147	0.0540645915914	NA	NA	NA	NA
CPN2	3	194061907	G	A	ENSG00000178772	rs4974539	rs4974539	stop-gain	Truncation <=15%	Low probability LoF	Non-LOF haplotype	remove	"NA"	"NA"	"NA"	0.331	0.32593	0.11409280769	0.068588730911	0.0453730272597	0.150571495218	0.148997350355	0.0368876455663	NA	NA	NA	NA
IL34	16	70694000	C	A	ENSG00000157368	rs4985556	rs4985556	stop-gain	Truncation <=15%	Low probability LoF	LoF	keep	"NA"	"NA"	"NA"	0.088	0.0862291	0.00898620531472	0.000263435194942	0.00226919861459	0.00337366216845	0.0128698962251	0.00840445631637	NA	NA	NA	NA
OR10V1	11	59480952	G	A	ENSG00000172289	rs499037	rs499037	stop-gain	Truncation >15%	High probability LoF	Non-LOF haplotype	remove	"NA"	"NA"	"NA"	0.039	0.0442088	0.00579036901335	0.00829383886256	0.0357443735708	0.00221496852413	0.00010523941968	0.000978537412747	NA	NA	NA	NA
FAM187B	19	35719020	C	T	ENSG00000177558	rs541169	rs541169	stop-gain	NMD region	High probability LoF	LoF	keep	1	26359528	0	0.337	0.337176	0.118735418208	0.0964028776978	0.114394661582	0.0317717996289	0.110091468883	0.222900961788	NA	NA	NA	NA
OR51F1	11	4790873	CG	C	ENSG00000188069	rs34672924	rs542209937	frameshift	Truncation >15%	High probability LoF	LoF	keep	"NA"	"NA"	"NA"	0.213	0.206155	0.0542533019485	0.192474674385	0.0239445870902	0	0.0574164120011	0.0119264859228	Benign	NA	Benign	not_specified
C17orf77	17	72588806	C	A	ENSG00000182352	rs545652	rs545652	stop-gain	Truncation <=15%	Low probability LoF	LoF	keep	"NA"	"NA"	"NA"	0.179	0.167405	0.0375895230585	0.227379707113	0.0109595568527	0.000579777365492	0.0286692276648	0.0350204665064	NA	NA	NA	NA
HSD17B13	4	88235096	CG	C	ENSG00000170509	rs143404524	rs547498403	frameshift	NMD region	High probability LoF	LoF	keep	"NA"	"NA"	"NA"	0.018	0.0134221	0.00231153388823	0.0383757961783	0.000154631204577	0	0	0	NA	NA	NA	NA
OR5K2	3	98217178	T	A	ENSG00000231861	rs55639376	rs55639376	stop-gain	Truncation >15%	High probability LoF	LoF	keep	"NA"	"NA"	"NA"	0.154	0.153159	0.0260313742711	0.0210512552301	0.0225316758307	0.00324675324675	0.0340092344934	0.0148196295093	NA	NA	NA	NA
TMPRSS3	21	43803308	C	CTA	ENSG00000160183	rs34966432	rs56283966	SDV	Highly probable splicing alteration	Low probability LoF	Splice site is conserved	remove	"NA"	"NA"	"NA"	0.123	0.11993	0.0194094199951	0.0172661870504	0.0114462859187	0.0930557171106	0.00592176097619	0.0518889394629	NA	NA	NA	NA
MOK	14	102729881	A	G	ENSG00000080823	rs56377169	rs56377169	SDV	Highly probable splicing alteration	High probability LoF	LoF	keep	"NA"	"NA"	"NA"	0.071	0.0689266	0.00591190240235	0.000267558528428	0.00203305351522	0	0.0063364143892	0.0166471105896	NA	NA	NA	NA
TLR5	1	223285200	G	A	ENSG00000187554	rs5744168	rs5744168	stop-gain	Truncation >15%	High probability LoF	LoF	keep	33	28966802, 28763101, 28742407, 27432718, 27417569, 27247849, 26932450, 26861312, 26762473, 25807366, 24971461, 23582962, 23526294, 23455496, 23447684, 22275320, 21872627, 21776015, 21494356, 21333900, 21179534, 21068401, 20456414, 20016852, 19838195, 19543401, 19473567, 18635889, 18396467, 17516623, 16846490, 16027372, 14623910	1	0.056	0.0534929	0.00370626244565	0.000915391656859	0.000297885016384	0.000580315691736	0.00364489192298	0.0120928418178	protective,_risk_factor	protective,_risk_factor	protective,_risk_factor	Legionellosis|Systemic_lupus_erythematosus,_resistance_to,_1|Melioidosis,_resistance_to
OR6C1	12	55714406	C	CA	ENSG00000205330	rs5798345	rs5798345	frameshift	Within first 100 nucleotides	Low probability LoF	LoF	keep	"NA"	"NA"	"NA"	0.398	0.402967	0.16800332433	0.0352168199737	0.199704688077	0.0950035186488	0.186060301966	0.157884028484	NA	NA	NA	NA
OR9K2	12	55523586	AT	A	ENSG00000170605	rs138022924	rs58036029	frameshift	Within first 100 nucleotides	Low probability LoF	LoF	keep	"NA"	"NA"	"NA"	0.3	0.291335	0.0925138135055	0.160455080424	0.0347462686567	0.0106815279229	0.101538138642	0.124316228184	NA	NA	NA	NA
PGPEP1L	15	99511804	A	AC	ENSG00000183571	rs5814920	rs5814919	frameshift	Truncation >15%	High probability LoF	LoF	keep	"NA"	"NA"	"NA"	0.505	0.509005	0.266151325046	0.0406050955414	0.238193267135	0.237015276146	0.268976119085	0.40250817157	NA	NA	NA	NA
RETNLB	3	108475993	G	GGGGGATTA	ENSG00000163515	rs5851607	rs5851607	stop-gain	Within first 100 nucleotides	Low probability LoF	LoF	keep	"NA"	"NA"	"NA"	0.136	0.13899	0.0217371821507	0.0098167539267	0.01045088086	0	0.0309670843576	0.00702896192646	NA	NA	NA	NA
DDIT4L	4	101108875	GT	G	ENSG00000145358	rs142998882	rs58706659	frameshift	Truncation <=15%	Low probability LoF	LoF	keep	1	21092922	0	0.081	0.0776867	0.00763724728481	0.00764264066412	0.00221470316826	0	0.00746605653732	0.0179277436946	NA	NA	NA	NA
ACSM2A	16	20477004	C	T	ENSG00000183747	rs59261767	rs59261767	stop-gain	NMD region	High probability LoF	LoF	keep	"NA"	"NA"	"NA"	0.023	0.0253807	0.00354679161786	0	0.001727630168	0.0455178820251	1.49637876339e-05	0.000584871328308	NA	NA	NA	NA
OR2D3	11	6942588	TC	T	ENSG00000178358	rs59264610	rs59264610	frameshift	Truncation >15%	High probability LoF	LoF	keep	"NA"	"NA"	"NA"	0.046	0.0437944	0.00239646460544	0.0130684788291	0.00131053791624	0	0.00235891310839	0.000454870361947	NA	NA	NA	NA
GPR142	17	72363857	GC	G	ENSG00000257008	rs59375334	rs59375334	frameshift	NMD region	High probability LoF	LoF	keep	"NA"	"NA"	"NA"	0.02	0.0152974	0.0028382752395	0.0452221785293	0.000119146908138	0	1.49539418591e-05	0	NA	NA	NA	NA
FUT2	19	49206674	G	A	ENSG00000176920	rs601338	rs601338	stop-gain	Truncation >15%	High probability LoF	LoF	keep	41	28878367, 28824326, 28742214, 28334792, 27871240, 27535653, 27507062, 27303667, 26966527, 26766790, 26646561, 26454189, 25642664, 24733310, 24612312, 24463784, 24326010, 23402911, 23227234, 23075394, 22521342, 22199995, 22025780, 22024213, 21829393, 21507254, 21102463, 20971884, 20574445, 20570966, 20565774, 20041166, 19744961, 19474294, 19379518, 19169360, 18776911, 18604267, 12692541, 7876235, 7876234	1	0.389	0.382959	0.170669842021	0.248981201525	0.0814466158246	0	0.213359322288	0.126006414872	Benign,_association	Benign,_association	Benign,_association	SECRETOR/NONSECRETOR_POLYMORPHISM|Vitamin_b12_plasma_level_quantitative_trait_locus_1
SLC3A1	2	44528267	GT	G	ENSG00000138079	rs146761937	rs61179824	SDV	Highly probable splicing alteration	Low probability LoF	Splice site is conserved	remove	"NA"	"NA"	"NA"	0.091	0.0874745	0.0106411517482	0.0582079790713	0.00411056833075	0	0.0108507203922	0.000649814802781	NA	NA	Benign/Likely_benign	Cystinuria|not_specified
KRTAP10-1	21	45959557	ATC	A	ENSG00000215455	.	rs62218857	frameshift	NMD region	High probability LoF	Non-LOF haplotype	remove	"NA"	"NA"	"NA"	0.621	0.62425	0.392896237358	0.484593837535	0.354401671143	0.243842936803	0.42554854223	0.292587776333	NA	NA	NA	NA
HTR3D	3	183754294	G	C	ENSG00000186090	rs6443930	rs6443930	SDV	Highly probable splicing alteration	High probability LoF	LoF	keep	2	27616601, 21589938	0	0.462	0.454969	0.213946001317	0.460824068018	0.190393794749	0.249159030275	0.18047067613	0.205329866753	NA	NA	NA	NA
ERV3-1	7	64452738	G	A	ENSG00000213462	rs67047829	rs67047829	stop-gain	Truncation >15%	High probability LoF	LoF	keep	"NA"	"NA"	"NA"	0.107	0.110792	0.0149216441377	0.000667913438418	0.0200716845878	0.0334467785471	0.00841198873986	0.0316241540864	NA	NA	NA	NA
GPRC6A	6	117150008	G	A	ENSG00000173612	rs6907580	rs6907580	stop-gain	NMD region	High probability LoF	LoF	keep	1	27986810	0	0.078	0.084266	0.0102622205196	0.00641445215342	0.0406523563976	0	0.00609509546986	0.00475787003845	NA	NA	NA	NA
OR4X2	11	48266736	C	G	ENSG00000172208	rs7120775	rs7120775	stop-gain	Within first 100 nucleotides	Low probability LoF	LoF	keep	"NA"	"NA"	"NA"	0.148	0.147294	0.0240337349789	0.0801307189542	0.0184092940125	0.0274814471243	0.0207726655018	0.0213125406108	NA	NA	NA	NA
SARM1	17	26708302	GGT	G	ENSG00000004139	.	rs71373646	frameshift	NMD region	High probability LoF	Non-LOF haplotype	remove	"NA"	"NA"	"NA"	1	0.999987	0.999974246495	0.999850768542	1	0.999879735418	0.999984251224	1	NA	NA	NA	NA
EFCAB13	17	45425287	C	T	ENSG00000178852	rs71377306	rs71377306	stop-gain	NMD region	High probability LoF	LoF	keep	"NA"	"NA"	"NA"	0.073	0.0734337	0.00869565217391	0.000134643866972	0.00073128573328	0.0573662056524	0.00482297990171	0.0141833810888	NA	NA	NA	NA
CATSPER2	15	43925134	T	A	ENSG00000166762	rs7169097	rs7169097	SDV	Highly probable splicing alteration	High probability LoF	LoF	keep	"NA"	"NA"	"NA"	0.322	0.316319	0.113539401384	0.506695232994	0.0902777777778	0.106924163919	0.066708602464	0.138501971091	Benign	Benign	Benign	not_specified|Rare_genetic_deafness
OR5M1	11	56380546	CCAGA	C	ENSG00000255012	rs72003051	rs72003051	frameshift	Truncation >15%	High probability LoF	LoF	keep	"NA"	"NA"	"NA"	0.184	0.180842	0.034775004495	0.00288071232159	0.0120071684588	0.0204508482454	0.0433898917511	0.0371432295061	NA	NA	NA	NA
C10orf113	10	21435340	ACACT	A	ENSG00000204683	rs45546236	rs72102767	frameshift	NMD region	High probability LoF	LoF	keep	"NA"	"NA"	"NA"	0.214	0.210872	0.0494403900907	0.0485500590474	0.0192330808991	0.12668305819	0.0378201667566	0.0813163621975	NA	NA	NA	NA
ULBP3	6	150390149	G	C	ENSG00000131019	rs72501734	rs72501734	stop-gain	Within first 100 nucleotides	Low probability LoF	LoF	keep	"NA"	"NA"	"NA"	0.029	0.0347828	0.005117538299	0	0.0341483979764	0.000935234977788	4.56280703889e-05	0.00241845872279	NA	NA	NA	NA
COL16A1	1	32154650	C	A	ENSG00000084636	rs72887331	rs72887331	SDV	Highly probable splicing alteration	High probability LoF	LoF	keep	"NA"	"NA"	"NA"	0.011	0.00942454	0.00100670316989	0.0162612374405	0	0	0	0	NA	NA	NA	NA
CCDC163P	1	45962983	G	A	ENSG00000236624	rs72898310	rs72898310	stop-gain	NMD region	High probability LoF	LoF	keep	"NA"	"NA"	"NA"	0.015	0.0126814	0.0020553398216	0.0329929300864	5.95734540689e-05	0	0	0	NA	NA	NA	NA
THEG	19	373531	C	T	ENSG00000105549	rs73489977	rs73489977	stop-gain	NMD region	High probability LoF	LoF	keep	"NA"	"NA"	"NA"	0.011	0.0086071	0.000906440628139	0.0144755888933	5.95983074081e-05	0	0	0	NA	NA	NA	NA
SLC6A18	5	1240757	C	G	ENSG00000164363	rs7447815	rs7447815	stop-gain	NMD region	High probability LoF	LoF	keep	2	21420947, 20937264	0	0.364	0.362278	0.134300459182	0.126519409228	0.138857449217	0.0568247709614	0.140959552946	0.165247904347	NA	NA	NA	NA
CYP3A43	7	99434077	TA	T	ENSG00000021461	rs61469810	rs746809196	frameshift	Within first 100 nucleotides	Low probability LoF	LoF	keep	"NA"	"NA"	"NA"	0.054	0.0500783	0.00632756568111	0.0729658792651	0.0014941429596	0	0.00161538806707	0.00361889722332	NA	NA	NA	NA
TXNRD3NB	3	126291218	CCT	C	ENSG00000206483	rs57404214	rs747055123	frameshift	NMD region	High probability LoF	LoF	keep	"NA"	"NA"	"NA"	0.012	0.00920283	0.000939481079668	0.0147712418301	0.000119125617964	0	0	0	NA	NA	NA	NA
SLC22A14	3	38348743	A	C	ENSG00000144671	rs753331	rs753331	SDV	Highly probable splicing alteration	High probability LoF	LoF	keep	"NA"	"NA"	"NA"	0.02	0.020719	0.0041259218349	0	0.000416890000596	0.058100429085	0	0	NA	NA	NA	NA
OR4C11	11	55371381	G	A	ENSG00000172188	rs75423534	rs75423534	stop-gain	Truncation >15%	High probability LoF	LoF	keep	"NA"	"NA"	"NA"	0.128	0.137092	0.0732797300693	0.0050511763924	0.120307290912	0.000544736483726	0.0845539063774	0.0683018343524	NA	NA	NA	NA
MYCT1	6	153019099	GAGAT	G	ENSG00000120279	rs71713548	rs754734627	frameshift	Within first 100 nucleotides	Low probability LoF	LoF	keep	"NA"	"NA"	"NA"	0.054	0.054313	0.00477403195576	0.00847229693384	0.00513182372186	0.0329363150219	0.00113857177556	0.00424998258204	NA	NA	NA	NA
SPATA4	4	177106009	TTCTC	T	ENSG00000150628	rs28381989	rs754894435	frameshift	Truncation <=15%	Low probability LoF	LoF	keep	"NA"	"NA"	"NA"	0.092	0.0875739	0.0113034414408	0	0.00152986563789	0	0.018497697414	0.0014762741652	NA	NA	NA	NA
OR10J1	1	159410340	T	A	ENSG00000196184	rs12409540	rs756266185	stop-gain	Truncation >15%	High probability LoF	LoF	keep	"NA"	"NA"	"NA"	0.123	0.125354	0.0177729740272	0.00196052803555	0.025699123487	0.000115968920329	0.0215521104042	0.0132570834416	NA	NA	NA	NA
KRTAP4-8	17	39254335	A	AT	ENSG00000204880	.	rs756789817	frameshift	Within first 100 nucleotides	Low probability LoF	LoF	keep	"NA"	"NA"	"NA"	0.589	0.59065	0.356246269521	0.408089707649	0.317353182363	0.174882629108	0.402539183927	0.26234283962	NA	NA	NA	NA
RP11-166B2.1	16	12027474	CAT	C	ENSG00000234719	rs71139503	rs757519360	frameshift	NMD region	High probability LoF	LoF	keep	"NA"	"NA"	"NA"	0.99	0.99145	0.983891917759	0.777388492117	0.991996655319	1	0.999234440409	0.998243331165	NA	NA	NA	NA
OR4D10	11	59245593	G	T	ENSG00000254466	rs75898556	rs75898556	stop-gain	Truncation >15%	High probability LoF	LoF	keep	"NA"	"NA"	"NA"	0.043	0.0480169	0.00701914015533	0.0176424464192	0.0399213489841	0.00313152400835	8.95749667826e-05	0.00116974265662	NA	NA	NA	NA
DUSP16	12	12630675	GCACGC	G	ENSG00000111266	rs3055727	rs760620388	frameshift	Truncation >15%	High probability LoF	Non-LOF haplotype	remove	"NA"	"NA"	"NA"	0.056	0.0499011	0.00972063388335	0	0.0207460859481	0.0715492092738	0.000126714607026	0.0204331522155	NA	NA	NA	NA
CLDN16	3	190106071	AGGG	AGG	ENSG00000113946	.	rs760754693	frameshift	NMD region	High probability LoF	OMIM gene, likely non-LOF	remove in step 2	"NA"	"NA"	"NA"	0.194	0.193995	0.043403950549	0.00679738562092	0.0150223546945	0.000464630038332	0.060666856313	0.0318388564003	NA	NA	NA	NA
GPRIN1	5	176026121	TCAAAGACCCAGGA	T	ENSG00000169258	.	rs761227225	frameshift	Truncation >15%	High probability LoF	Non-LOF haplotype	remove	"NA"	"NA"	"NA"	0.262	0.261152	0.0674931691203	0.0823082962575	0.049788325085	0.105226480836	0.0627694896411	0.0756373569199	NA	NA	NA	NA
OR4P4	11	55406022	C	G	ENSG00000181927	rs76160133	rs76160133	stop-gain	Truncation >15%	High probability LoF	LoF	keep	"NA"	"NA"	"NA"	0.197	0.200622	0.117225142357	0.0349084151845	0.15390268999	0.288776624795	0.0708688809741	0.256186525533	NA	NA	NA	NA
ZNF812	19	9801440	TCTCTC	T	ENSG00000224689	rs112014279	rs762006678	frameshift	Truncation >15%	High probability LoF	LoF	keep	"NA"	"NA"	"NA"	0.091	0.0829337	0.0107827409992	0.0363236103467	0.0163724112652	0.00234219463637	0.00313555599315	0.0340999206979	NA	NA	NA	NA
EFCAB13	17	45447802	G	A	ENSG00000178852	rs76299620	rs76299620	SDV	Highly probable splicing alteration	High probability LoF	LoF	keep	"NA"	"NA"	"NA"	0.033	0.0327067	0.00282881972185	0	0.000299257840555	0.0296925943177	0.000269344147002	0.004329004329	NA	NA	NA	NA
GLT6D1	9	138516346	CA	C	ENSG00000204007	rs34217442	rs765271138	frameshift	Truncation >15%	High probability LoF	LoF	keep	"NA"	"NA"	"NA"	0.185	0.187383	0.0359742657525	0.00850451393432	0.023724368145	0.0449216482879	0.0397505495985	0.0422379621808	NA	NA	NA	NA
PSORS1C2	6	31105857	AG	A	ENSG00000204538	rs144826968	rs766820765	frameshift	Truncation >15%	High probability LoF	LoF	keep	"NA"	"NA"	"NA"	0.077	0.0764521	0.00730054390506	0.000877449546651	0.00254319694816	0.000127000254001	0.0108567054075	0.005359056806	NA	NA	NA	NA
OR2T4	1	248525638	CA	C	ENSG00000196944	rs34079073	rs767904227	frameshift	Truncation >15%	High probability LoF	LoF	keep	"NA"	"NA"	"NA"	0.472	0.46959	0.226692557055	0.126780812966	0.158882402002	0.0877539175856	0.279603445959	0.184949311152	NA	NA	NA	NA
FMO2	1	171165802	TG	T	ENSG00000094963	rs142989335	rs768321042	frameshift	NMD region	High probability LoF	LoF	keep	"NA"	"NA"	"NA"	0.06	0.0561489	0.00641516192585	0.0694935217903	0.00119467176393	0	0.00221487257	0.00351128161779	NA	NA	Benign	not_specified
C12orf60	12	14976417	CTA	C	ENSG00000182993	rs139293175	rs769074034	frameshift	Truncation >15%	High probability LoF	LoF	keep	"NA"	"NA"	"NA"	0.157	0.149346	0.0258762355596	0.0763388765222	0.00869096140014	0.00594336324438	0.0189676663613	0.0631329738261	NA	NA	NA	NA
EFCAB13	17	45438886	CAGTG	C	ENSG00000178852	rs55920564	rs769594276	SDV	Highly probable splicing alteration	High probability LoF	LoF	keep	"NA"	"NA"	"NA"	0.49	0.484585	0.24508551209	0.312270582066	0.148632365345	0.0630966239814	0.294085843871	0.182920365708	NA	NA	NA	NA
OR4D6	11	59225129	GC	G	ENSG00000166884	rs77048571	rs77048571	frameshift	Truncation >15%	High probability LoF	LoF	keep	"NA"	"NA"	"NA"	0.021	0.0190255	0.000991080277502	0.0120245719514	0.000238222857483	0.000231937840659	0.000209030100334	0.0006497303619	NA	NA	NA	NA
P2RX5	17	3594276	TG	T	ENSG00000083454	rs5818907	rs773491578	frameshift	NMD region	High probability LoF	LoF	keep	"NA"	"NA"	"NA"	0.661	0.676146	0.47612796298	0.0614035087719	0.660110338211	0.665189504373	0.49046375017	0.361352783411	NA	NA	Benign	not_specified
KRT24	17	38858134	CA	C	ENSG00000167916	rs11309872	rs775931602	frameshift	NMD region	High probability LoF	LoF	keep	"NA"	"NA"	"NA"	0.483	0.488885	0.258735060853	0.0473053892216	0.518029456577	0.370948012232	0.20021653766	0.341897960686	NA	NA	NA	NA
CD200R1L	3	112545910	GT	G	ENSG00000206531	rs58161637	rs775967237	frameshift	NMD region	High probability LoF	LoF	keep	"NA"	"NA"	"NA"	0.263	0.264193	0.0766916559608	0.0133385641428	0.0595387091007	0.00359753974701	0.0995037517563	0.0584449356391	NA	NA	NA	NA
OR6Q1	11	57799108	AC	A	ENSG00000172381	rs34846253	rs776926514	frameshift	Truncation >15%	High probability LoF	LoF	keep	"NA"	"NA"	"NA"	0.152	0.148801	0.0253779434021	0.0239184420337	0.00851900393185	0.000579979120752	0.0352405760652	0.0190383365822	NA	NA	NA	NA
ABCA10	17	67190536	AACAG	A	ENSG00000154263	rs113082690	rs780519747	frameshift	NMD region	High probability LoF	LoF	keep	"NA"	"NA"	"NA"	0.074	0.0803594	0.0084464284257	0.00549882168107	0.0290778011415	0.0178965717606	0.00340095286609	0.00583262336981	NA	NA	NA	NA
KRT37	17	39579059	G	A	ENSG00000108417	rs78158550	rs78158550	stop-gain	NMD region	High probability LoF	LoF	keep	"NA"	"NA"	"NA"	0.162	0.151507	0.029232724597	0.00342510868133	0.0119517078202	0.0957756737072	0.0247698512885	0.0453265388226	NA	NA	NA	NA
ACTR3C	7	149983566	G	A	ENSG00000106526	rs181975624	rs78661149	stop-gain	NMD region	High probability LoF	Non-LOF haplotype	remove	"NA"	"NA"	"NA"	0.056	0.0498982	0.00386494927769	0.000130907186805	0.000657580105213	0.000116022740457	0.00366577799321	0.0124111096203	NA	Benign	Benign	not_specified
PKD2L1	10	102056016	G	A	ENSG00000107593	rs7904983	rs7904983	stop-gain	NMD region	High probability LoF	LoF	keep	"NA"	"NA"	"NA"	0.017	0.0131829	0.0018005528458	0.0282203618688	6.47710343934e-05	0	0	0	NA	NA	NA	NA
EGF	4	110932389	G	GC	ENSG00000138798	rs11569144	rs79786166	frameshift	Truncation <=15%	Low probability LoF	LoF	keep	"NA"	"NA"	"NA"	0.041	0.0394371	0.00877473794807	0	0	0.0716525374521	0	0.0285899935023	Benign	NA	Benign	Renal_Hypomagnesemia,_Recessive
SPERT	13	46287373	C	A	ENSG00000174015	.	rs80072371	stop-gain	Truncation >15%	High probability LoF	LoF	keep	"NA"	"NA"	"NA"	0.05	0.048394	0.00325151051185	0.0169377604517	0.000955052826359	0	0.00270689497856	0.00312357649509	NA	NA	NA	NA
C1orf227	1	213009383	G	A	ENSG00000185523	rs80161538	rs80161538	stop-gain	NMD region	High probability LoF	LoF	keep	"NA"	"NA"	"NA"	0.008671	0.00939836	0.00164298437538	0	0	0.0227457351747	2.9902964879e-05	0.000195490681611	NA	NA	NA	NA
SLFN13	17	33772658	G	T	ENSG00000154760	rs8072510	rs8072510	stop-gain	Within first 100 nucleotides	Low probability LoF	LoF	keep	"NA"	"NA"	"NA"	0.095	0.0947963	0.0101567459349	0.00915631131458	0.00488502323365	0.017975182651	0.0115608667655	0.00266545312703	NA	NA	NA	NA
SIGLEC5	19	52130931	G	A	ENSG00000105501	rs8108078	rs8108078	stop-gain	NMD region	High probability LoF	LoF	keep	"NA"	"NA"	"NA"	0.013	0.0103007	0.00152822573836	0.0253217683268	0	0	0	0	NA	NA	NA	NA
OR10X1	1	158549492	C	T	ENSG00000186400	rs863362	rs863362	stop-gain	Truncation >15%	High probability LoF	LoF	keep	"NA"	"NA"	"NA"	0.477	0.474022	0.227924522153	0.329716302785	0.173718446023	0.3278384026	0.224296123055	0.195212385351	NA	NA	NA	NA
SIGLEC12	19	52004791	G	GC	ENSG00000254521	rs67024588	rs867830680	frameshift	NMD region	High probability LoF	LoF	keep	"NA"	"NA"	"NA"	0.64	0.645802	0.426256143629	0.348013591218	0.597152728139	0.12792855486	0.444699910421	0.388184831351	NA	NA	Benign	not_specified
KRTAP13-2	21	31744127	A	T	ENSG00000182816	rs877346	rs877346	stop-gain	Truncation >15%	High probability LoF	LoF	keep	"NA"	"NA"	"NA"	0.404	0.398892	0.171416252451	0.0376421382826	0.0684458211711	0.0513177754557	0.220348367402	0.187755897836	NA	NA	NA	NA
HLA-A	6	29911240	T	A	ENSG00000206503	rs76901040	rs9260156	stop-gain	NMD region	High probability LoF	Non-LOF haplotype	remove	"NA"	"NA"	"NA"	0.225	0.212045	0.0525610694638	0.00257566001288	0.0457755863539	0.217987804878	0.0245655536348	0.105762522673	NA	NA	NA	NA
KRTAP10-1	21	45959556	A	ATG	ENSG00000215455	.	rs9980011	frameshift	NMD region	High probability LoF	Non-LOF haplotype	remove	"NA"	"NA"	"NA"	0.621	0.622402	0.391788521852	0.478255139694	0.354559560754	0.243848653668	0.424078594642	0.292503738379	NA	NA	NA	NA
